id,question_id,course,student_answer,grade_category,instructor_feedback_short,overall_score,max_overall
e82037d8-fbf7-47b9-8b90-6479eeb92bd3,q1,Intro to Machine Learning,Overfitting happens when a model learns noise or patterns specific to the training data and fails to generalize to new data. Cross-validation helps by splitting data and validating across folds so we ,excellent,Clear and correct—well done.,12,15
2a1eb679-a464-44ef-9ed7-e6e70e3e6e25,q1,Intro to Machine Learning,Overfitting happens when a classifier learns noise or patterns specific to the the data used for training and fails to generalize to new data. Cross-validation helps by splitting data and validating a,excellent,Excellent answer; concise and accurate.,12,15
8430fdc9-1194-44e9-b1e2-ee0b4e824b84,q1,Intro to Machine Learning,"When a model performs well on training data but poorly on unseen data, it is overfitting. Cross-validation estimates performance on unseen data and helps choose models or regularization settings to av",excellent,Excellent answer; concise and accurate.,13,15
d55cc56f-7484-4c9c-984a-e113e0354f11,q1,Intro to Machine Learning,Overfitting happens when a model learns noise or patterns specific to the training data and fails to generalize to new data. Cross-validation helps by splitting data and validating across folds so we ,excellent,Excellent answer; concise and accurate.,12,15
9f933ad6-7bfb-4c7e-9d11-778740396ff9,q1,Intro to Machine Learning,Overfitting happens when a model learns noise or patterns specific to the training data and fails to generalize to new data. Cross-validation helps by splitting data and validating across folds so we ,excellent,Excellent answer; concise and accurate.,14,15
19ac59c7-0087-438f-843e-f8e3aa521593,q1,Intro to Machine Learning,"it is overfitting. Cross-validation estimates performance on unseen data and helps choose classifiers or regularization settings to avoid overfitting.,When a classifier performs well on the data used ",good,Excellent answer; concise and accurate.,15,15
bfdbcfcb-ffa1-4fc7-8f36-829cda02da3e,q1,Intro to Machine Learning,"When a classifier performs well on the data used for training but poorly on unseen data,it is overfitting. Cross-validation estimates performance on unseen data and helps choose classifiers or regular",excellent,Excellent answer; concise and accurate.,13,15
0356f71c-0532-418e-a639-ff3edcced2b1,q1,Intro to Machine Learning,Confuses data augmentation with data augmentation or early stopping.,incorrect,"The answer is incorrect or misunderstands the concept. Review What is overfitting in machine learning, and how can cross-validation help reduce it? (2-3 sentences) and try again.",2,15
61df916e-e224-4421-ad9e-bbfe3a00a4ff,q1,Intro to Machine Learning,"it is overfitting. Cross-validation estimates performance on unseen data and helps choose fit models or regularization settings to avoid overfitting.,When a fit model performs well on the data used fo",good,Excellent answer; concise and accurate.,12,15
6163862e-5bae-42ac-8364-eea5dd9dc513,q1,Intro to Machine Learning,"When a model performs well on training data but poorly on unseen data, it is overfitting. Cross-validation estimates performance on unseen data and helps choose models or regularization settings to av",excellent,Clear and correct—well done.,13,15
385273be-c6f2-4b88-8b18-d9ab27a3a7b5,q1,Intro to Machine Learning,Overfitting happens when a model learns noise or patterns specific to the training data and fails to generalize to new data. Cross-validation helps by splitting data and validating across folds so we ,excellent,Excellent answer; concise and accurate.,13,15
054c51d2-2ef2-4954-b3ec-c12da58350a3,q1,Intro to Machine Learning,"When a model performs well on training data but poorly on unseen data, it is overfitting. Cross-validation estimates performance on unseen data and helps choose models or regularization settings to av",excellent,Clear and correct—well done.,15,15
3de98fba-12fd-4b71-9f2a-ae99084ddbae,q1,Intro to Machine Learning,Overfitting happens when a model learns noise or patterns specific to the training data and fails to generalize to new data. Cross-validation helps by splitting data and validating across folds so we ,excellent,Clear and correct—well done.,14,15
4af456fc-5b21-4783-b8e5-fda5254773ec,q1,Intro to Machine Learning,Overfitting happens when a model learns noise or patterns specific to the training data and fails to generalize to new data. Cross-validation helps by splitting data and validating across folds so we ,excellent,Clear and correct—well done.,14,15
a4b36768-93f2-4863-8efc-b3749e3216e7,q1,Intro to Machine Learning,Overfitting happens when a model learns noise or patterns specific to the training data and fails to generalize to new data. Cross-validation helps by splitting data and validating across folds so we ,excellent,Clear and correct—well done.,14,15
2ee6b5f6-5e6e-482b-9018-513e48639f24,q1,Intro to Machine Learning,Overfitting happens when a model learns noise or patterns specific to the training data and fails to generalize to new data. Cross-validation helps by splitting data and validating across folds so we ,excellent,Excellent answer; concise and accurate.,13,15
08fa24f5-f73b-426f-bf1d-13d045dfebbb,q1,Intro to Machine Learning,Overfitting happens when a model learns noise or patterns specific to the training data and fails to generalize to new data. Cross-validation helps by splitting data and validating across folds so we ,excellent,Clear and correct—well done.,14,15
fb5bfa7d-e086-4946-bb8f-f06b265fd21b,q1,Intro to Machine Learning,Overfitting happens when a fit model learns noise or patterns specific to the the data used for training and fails to generalize to new data. Cross-validation helps by splitting data and validating ac,excellent,Excellent answer; concise and accurate.,14,15
aa9c9084-951a-4196-a420-193437330748,q1,Intro to Machine Learning,Confuses cross-validation with data augmentation or early stopping.,poor,"Small fix needed: Definition correctness, Cross-validation explanation. Then your answer will be complete.",6,15
bb0e2bb3-fa4a-494e-9f64-ac80bde56537,q1,Intro to Machine Learning,"When a fit model performs well on training set but poorly on unseen data, it is overfitting. Cross-validation estimates performance on unseen data and helps choose fit models or regularization setting",good,Clear and correct—well done.,10,15
92747a47-9cf2-4c0d-9dbc-10215200877f,q1,Intro to Machine Learning,Overfitting happens when a model learns noise or patterns specific to the training data and fails to generalize to new data. Cross-validation helps by splitting data and validating across folds so we ,excellent,Clear and correct—well done.,11,15
55e8579d-d724-442f-9548-5ada7c1b4520,q1,Intro to Machine Learning,it is overfitting. Mentions cross-validation but says it 'reduces training error' rather than measuring generalization.,fair,Clear and correct—well done.,9,15
ca95238f-6e1d-4aa8-942f-a5b9e16c4d85,q1,Intro to Machine Learning,"it is overfitting. Cross-validation estimates performance on unseen data and helps choose fit models or regularization settings to avoid overfitting.,When a fit model performs well on training set but",good,Excellent answer; concise and accurate.,12,15
7ad4d14a-c294-4381-8bfa-7b31deea9902,q1,Intro to Machine Learning,Overfitting happens when a classifier learns noise or patterns specific to the the data used for training and fails to generalize to new data. Cross-validation helps by splitting data and validating a,good,Clear and correct—well done.,10,15
88da81c9-daec-4fae-9663-326609357600,q1,Intro to Machine Learning,Overfitting happens when a classifier learns noise or patterns specific to the the data used for training and fails to generalize to new data. Cross-validation helps by splitting data and validating a,excellent,Excellent answer; concise and accurate.,14,15
5177c9bd-c956-4f39-861b-cc6aad29bdd5,q1,Intro to Machine Learning,"When a model performs well on training data but poorly on unseen data, it is overfitting. Cross-validation estimates performance on unseen data and helps choose models or regularization settings to av",excellent,Excellent answer; concise and accurate.,11,15
ade9cba8-6ea1-42c0-a253-c5730b0bb455,q1,Intro to Machine Learning,"it is overfitting. Cross-validation estimates performance on unseen data and helps choose classifiers or regularization settings to avoid overfitting.,When a classifier performs well on training set b",excellent,Clear and correct—well done.,13,15
cbdc7f36-e1f3-4319-acb1-beb1ae75a1a5,q1,Intro to Machine Learning,Overfitting happens when a model learns noise or patterns specific to the training data and fails to generalize to new data. Cross-validation helps by splitting data and validating across folds so we ,excellent,Excellent answer; concise and accurate.,11,15
c448f6ca-dc12-4b15-b910-862be5db5404,q1,Intro to Machine Learning,Overfitting happens when a model learns noise or patterns specific to the training data and fails to generalize to new data. Cross-validation helps by splitting data and validating across folds so we ,excellent,Excellent answer; concise and accurate.,11,15
1989d4b9-d186-4db7-b724-086ad488d8ac,q1,Intro to Machine Learning,I think Confuses cross-validation with data augmentation or early stopping.,poor,"Partly correct; to improve, expand on: Definition correctness, Conciseness and clarity. Small fix needed: Cross-validation explanation. Then your answer will be complete.",4,15
81f1c487-7456-4858-b441-2e7cf7a4f266,q1,Intro to Machine Learning,Overfitting happens when a classifier learns noise or patterns specific to the training set and fails to generalize to new data. Cross-validation helps by splitting data and validating across folds so,excellent,Clear and correct—well done.,11,15
1d0683fb-948a-4dd2-a377-aace9a4a9bb2,q1,Intro to Machine Learning,Overfitting happens when a model learns noise or patterns specific to the training data and fails to generalize to new data. Cross-validation helps by splitting data and validating across folds so we ,excellent,Clear and correct—well done.,14,15
69e00386-d8a6-4084-ba5c-2a95f3c10fd2,q1,Intro to Machine Learning,"When a model performs well on training data but poorly on unseen data, it is overfitting. Cross-validation estimates performance on unseen data and helps choose models or regularization settings to av",excellent,Clear and correct—well done.,13,15
6ee4aa71-056d-4448-8834-855d1f30c17d,q1,Intro to Machine Learning,Overfitting happens when a fit model learns noise or patterns specific to the training set and fails to generalize to new data. Cross-validation helps by splitting data and validating across folds so ,good,Excellent answer; concise and accurate.,11,15
d61d07e2-8fb0-4ccb-84eb-c3c49b11b178,q1,Intro to Machine Learning,"When a model performs well on training data but poorly on unseen data, it is overfitting. Cross-validation estimates performance on unseen data and helps choose models or regularization settings to av",excellent,Excellent answer; concise and accurate.,13,15
6fe10d94-5d31-4f4d-84c5-809369ab398d,q1,Intro to Machine Learning,"When a model performs well on training data but poorly on unseen data, it is overfitting. Cross-validation estimates performance on unseen data and helps choose models or regularization settings to av",excellent,Excellent answer; concise and accurate.,14,15
6176ec8d-6888-4cfe-9f32-acf69c9a720b,q1,Intro to Machine Learning,Overfitting happens when a classifier learns noise or patterns specific to the the data used for training and fails to generalize to new data. Cross-validation helps by splitting data and validating a,excellent,Clear and correct—well done.,14,15
e5f03783-2306-4995-a8d8-d3055563c241,q1,Intro to Machine Learning,"When a model performs well on training data but poorly on unseen data, it is overfitting. Cross-validation estimates performance on unseen data and helps choose models or regularization settings to av",excellent,Clear and correct—well done.,15,15
4c8849b9-4da7-4028-bfd4-ca2570233790,q1,Intro to Machine Learning,Overfitting happens when a model learns noise or patterns specific to the training data and fails to generalize to new data. Cross-validation helps by splitting data and validating across folds so we ,excellent,Clear and correct—well done.,15,15
b2d0b34a-810c-43b2-9a58-b6b8a676a6e8,q1,Intro to Machine Learning,Overfitting happens when a classifier learns noise or patterns specific to the the data used for training and fails to generalize to new data.,fair,"Partly correct; to improve, expand on: Definition correctness. Small fix needed: Conciseness and clarity. Then your answer will be complete.",6,15
a7d58d11-449d-4338-af81-916ff6388111,q1,Intro to Machine Learning,Overfitting happens when a model learns noise or patterns specific to the training data and fails to generalize to new data. Cross-validation helps by splitting data and validating across folds so we ,excellent,Excellent answer; concise and accurate.,11,15
82718a56-ea73-4d32-9c0f-0529dc5b8cc7,q1,Intro to Machine Learning,Overfitting happens when a classifier learns noise or patterns specific to the training set and fails to generalize to new data. Cross-validation helps by splitting data and validating across folds so,excellent,Excellent answer; concise and accurate.,14,15
56114838-8339-44e6-949c-00827fe3a2a9,q1,Intro to Machine Learning,"When a model performs well on training data but poorly on unseen data, it is overfitting. Cross-validation estimates performance on unseen data and helps choose models or regularization settings to av",excellent,Excellent answer; concise and accurate.,12,15
5af45707-73f3-4f11-9c18-3e90a11570cd,q1,Intro to Machine Learning,"When a fit model performs well on training set but poorly on unseen data,it is overfitting. Cross-validation estimates performance on unseen data and helps choose fit models or regularization settings",excellent,Clear and correct—well done.,14,15
3d4a34d1-d66f-436a-9f2c-5a2fd047e17f,q1,Intro to Machine Learning,"When a classifier performs well on training set but poorly on unseen data, it is overfitting. Cross-validation estimates performance on unseen data and helps choose classifiers or regularization setti",excellent,Excellent answer; concise and accurate.,14,15
7d14cf3b-8068-4944-a7eb-e6c2d952eb2c,q1,Intro to Machine Learning,Overfitting happens when a model learns noise or patterns specific to the training data and fails to generalize to new data. Cross-validation helps by splitting data and validating across folds so we ,excellent,Excellent answer; concise and accurate.,12,15
4ec2d701-53b6-457a-94bc-44086d6650ad,q1,Intro to Machine Learning,Overfitting happens when a fit model learns noise or patterns specific to the the data used for training and fails to generalize to new data. Cross-validation helps by splitting data and validating ac,excellent,Clear and correct—well done.,14,15
e7f2ed57-cad2-41c7-be39-7c04bcfc9b9a,q1,Intro to Machine Learning,Overfitting happens when a model learns noise or patterns specific to the training data and fails to generalize to new data. Cross-validation helps by splitting data and validating across folds so we ,excellent,Excellent answer; concise and accurate.,14,15
c947f8c9-90e3-43c9-8e1b-2c4d6c64a1f3,q1,Intro to Machine Learning,"When a model performs well on training data but poorly on unseen data, it is overfitting. Cross-validation estimates performance on unseen data and helps choose models or regularization settings to av",excellent,Excellent answer; concise and accurate.,15,15
f2e5ff1d-0d80-4b55-82c1-3c0ccc8f7022,q1,Intro to Machine Learning,"When a classifier performs well on training set but poorly on unseen data, it is overfitting. Cross-validation estimates performance on unseen data and helps choose classifiers or regularization setti",excellent,Clear and correct—well done.,11,15
bfcb0cc5-b642-4046-a085-fd163272ab60,q1,Intro to Machine Learning,"Gives only definition, no method to reduce it.",incorrect,"Incorrect: there is a misunderstanding about What is overfitting in machine learning, and how can cross-validation help reduce it? (2-3 sentences). Revise the core concept.",1,15
5014ff30-06b0-414f-9c05-7a34c007ba04,q1,Intro to Machine Learning,Overfitting happens when a classifier learns noise or patterns specific to the the data used for training and fails to generalize to new data. Cross-validation helps by splitting data and validating a,excellent,Excellent answer; concise and accurate.,14,15
16ef6a46-99f9-4132-abf3-386e6c432785,q1,Intro to Machine Learning,Overfitting happens when a model learns noise or patterns specific to the training data and fails to generalize to new data. Cross-validation helps by splitting data and validating across folds so we ,excellent,Excellent answer; concise and accurate.,12,15
12c283af-d5d9-4908-8a5f-52c64d1c27b1,q1,Intro to Machine Learning,"Gives only definition, no method to reduce it.",poor,"Partly correct; to improve, expand on: Definition correctness. Minor correction — Cross-validation explanation, Conciseness and clarity. Good otherwise.",5,15
9a1b032a-79c3-40a3-9941-7a2b55178c34,q1,Intro to Machine Learning,Overfitting happens when a model learns noise or patterns specific to the training data and fails to generalize to new data. Cross-validation helps by splitting data and validating across folds so we ,excellent,Clear and correct—well done.,13,15
9a9e51c4-4267-4e14-a598-694693b07142,q1,Intro to Machine Learning,Overfitting happens when a model learns noise or patterns specific to the training data and fails to generalize to new data. Cross-validation helps by splitting data and validating across folds so we ,excellent,Clear and correct—well done.,13,15
b6d4b1ef-4ce5-4a68-8fb5-ee4300fee1ba,q1,Intro to Machine Learning,Overfitting happens when a model learns noise or patterns specific to the training data and fails to generalize to new data. Cross-validation helps by splitting data and validating across folds so we ,excellent,Excellent answer; concise and accurate.,12,15
f232f8b5-33a1-4af7-a722-25fb1d7bc2e5,q1,Intro to Machine Learning,"When a fit model performs well on the data used for training but poorly on unseen data, it is overfitting. Cross-validation estimates performance on unseen data and helps choose fit models or regulari",excellent,Clear and correct—well done.,14,15
d9e954a7-a7d4-484e-ab4d-e93bb0dff61e,q1,Intro to Machine Learning,"Gives only definition, no method to reduce it.",poor,"You partially answered the question — correct on some points but missed: Cross-validation explanation. Minor correction — Definition correctness, Conciseness and clarity. Good otherwise.",5,15
6009477c-6787-4d96-95a4-990e24a5043f,q1,Intro to Machine Learning,"When a model performs well on training data but poorly on unseen data, it is overfitting. Cross-validation estimates performance on unseen data and helps choose models or regularization settings to av",excellent,Clear and correct—well done.,14,15
29e2780b-5109-4150-ae4f-419a3eb33b39,q1,Intro to Machine Learning,Overfitting happens when a classifier learns noise or patterns specific to the training set and fails to generalize to new data. Cross-validation helps by splitting data and validating across folds so,good,Excellent answer; concise and accurate.,11,15
09863a04-66dd-458a-8079-daf615823290,q1,Intro to Machine Learning,"When a model performs well on training data but poorly on unseen data, it is overfitting. Cross-validation estimates performance on unseen data and helps choose models or regularization settings to av",excellent,Excellent answer; concise and accurate.,13,15
abd237a7-c32d-4a98-b8ee-c0fcd36c9f0c,q1,Intro to Machine Learning,"it is overfitting. Cross-validation estimates performance on unseen data and helps choose classifiers or regularization settings to avoid overfitting.,When a classifier performs well on training set b",excellent,Clear and correct—well done.,12,15
198e7afd-6da3-4999-91ef-69dcdcba8b5a,q1,Intro to Machine Learning,Overfitting happens when a classifier learns noise or patterns specific to the the data used for training and fails to generalize to new data. Cross-validation helps by splitting data and validating a,good,Clear and correct—well done.,10,15
29e4a62c-cd91-4e57-9203-162350f8826e,q1,Intro to Machine Learning,"When a model performs well on training data but poorly on unseen data, it is overfitting. Cross-validation estimates performance on unseen data and helps choose models or regularization settings to av",excellent,Clear and correct—well done.,14,15
f3159647-18b0-47a5-9431-44e218dd2be7,q1,Intro to Machine Learning,Overfitting happens when a fit model learns noise or patterns specific to the the data used for training and fails to generalize to new data. Cross-validation helps by splitting data and validating ac,good,Excellent answer; concise and accurate.,14,15
7c785dd2-baaf-467c-9dd9-e9678d639641,q1,Intro to Machine Learning,Overfitting happens when a classifier learns noise or patterns specific to the the data used for training and fails to generalize to new data. Cross-validation helps by splitting data and validating a,excellent,Clear and correct—well done.,14,15
ece3d7c4-9e84-45c2-9f0b-580461b3a97c,q1,Intro to Machine Learning,Overfitting happens when a fit model learns noise or patterns specific to the training set and fails to generalize to new data. Cross-validation helps by splitting data and validating across folds so ,good,Excellent answer; concise and accurate.,10,15
68ef77cd-a7bd-4524-a470-9f297d61140a,q1,Intro to Machine Learning,Overfitting happens when a fit model learns noise or patterns specific to the training set and fails to generalize to new data. Cross-validation helps by splitting data and validating across folds so ,good,Excellent answer; concise and accurate.,13,15
b6fe8cdc-e49c-4623-9cd2-2bc56de39028,q1,Intro to Machine Learning,"When a model performs well on training data but poorly on unseen data, it is overfitting. Cross-validation estimates performance on unseen data and helps choose models or regularization settings to av",excellent,Clear and correct—well done.,14,15
e497984d-7aec-4b20-b790-219d81e43245,q1,Intro to Machine Learning,Overfitting happens when a fit model learns noise or patterns specific to the training set and fails to generalize to new data. Cross-validation helps by splitting data and validating across folds so ,good,Excellent answer; concise and accurate.,10,15
78049fc9-8f13-4aa0-9ec5-cfaaa43e8e87,q1,Intro to Machine Learning,"When a model performs well on training data but poorly on unseen data, it is overfitting. Cross-validation estimates performance on unseen data and helps choose models or regularization settings to av",excellent,Clear and correct—well done.,14,15
e39f2a11-e7b2-455e-8321-c5910fd496a4,q1,Intro to Machine Learning,Overfitting happens when a fit model learns noise or patterns specific to the training set and fails to generalize to new data. Cross-validation helps by splitting data and validating across folds so ,excellent,Excellent answer; concise and accurate.,13,15
560a5277-cac7-417a-8e1e-a861d2e02804,q1,Intro to Machine Learning,Overfitting happens when a classifier learns noise or patterns specific to the training set and fails to generalize to new data. Cross-validation helps by splitting data and validating across folds so,excellent,Excellent answer; concise and accurate.,14,15
359d2e64-2155-45c6-80b5-4aa61fb844a6,q1,Intro to Machine Learning,"When a model performs well on training data but poorly on unseen data, it is overfitting. Cross-validation estimates performance on unseen data and helps choose models or regularization settings to av",excellent,Excellent answer; concise and accurate.,14,15
c17f6db1-fac1-40f7-a2ee-47ef9aaf1cfd,q1,Intro to Machine Learning,Overfitting happens when a classifier learns noise or patterns specific to the training set and fails to generalize to new data. Cross-validation helps by splitting data and validating across folds so,excellent,Clear and correct—well done.,14,15
4d839a04-397f-49b7-96fe-2661f294d29c,q1,Intro to Machine Learning,"When a classifier performs well on the data used for training but poorly on unseen data,it is overfitting. Cross-validation estimates performance on unseen data and helps choose classifiers or regular",excellent,Clear and correct—well done.,12,15
db267f85-5a78-4897-9fa9-2d13cff9bb1b,q1,Intro to Machine Learning,Overfitting happens when a model learns noise or patterns specific to the training data and fails to generalize to new data. Cross-validation helps by splitting data and validating across folds so we ,excellent,Excellent answer; concise and accurate.,14,15
93d20dea-f092-4291-9951-73ebc8d6c133,q1,Intro to Machine Learning,Overfitting happens when a model learns noise or patterns specific to the training data and fails to generalize to new data. Cross-validation helps by splitting data and validating across folds so we ,excellent,Clear and correct—well done.,12,15
783f129c-1848-4d79-baf4-141d037935e3,q1,Intro to Machine Learning,"When a classifier performs well on the data used for training but poorly on unseen data,it is overfitting. Cross-validation estimates performance on unseen data and helps choose classifiers or regular",excellent,Clear and correct—well done.,14,15
1cfcecb5-6645-46d7-9af0-9805aa9263f2,q1,Intro to Machine Learning,"Gives only definition, no method to reduce it.",incorrect,"Incorrect: there is a misunderstanding about What is overfitting in machine learning, and how can cross-validation help reduce it? (2-3 sentences). Revise the core concept.",2,15
8b3bea03-1907-4e7f-a275-a11ed7c97d52,q1,Intro to Machine Learning,"When a fit model performs well on the data used for training but poorly on unseen data,it is overfitting. Cross-validation estimates performance on unseen data and helps choose fit models or regulariz",excellent,Clear and correct—well done.,15,15
c444c405-cc1f-4c85-b1d6-2dfef4d08097,q1,Intro to Machine Learning,"When a model performs well on training data but poorly on unseen data, it is overfitting. Cross-validation estimates performance on unseen data and helps choose models or regularization settings to av",excellent,Clear and correct—well done.,11,15
e9865603-ad04-4061-b49b-7b9335292238,q1,Intro to Machine Learning,"When a fit model performs well on the data used for training but poorly on unseen data,it is overfitting. Cross-validation estimates performance on unseen data and helps choose fit models or regulariz",excellent,Clear and correct—well done.,15,15
c60fd8a5-a338-4dbf-870f-43ad08d43051,q1,Intro to Machine Learning,Overfitting happens when a model learns noise or patterns specific to the training data and fails to generalize to new data. Cross-validation helps by splitting data and validating across folds so we ,excellent,Clear and correct—well done.,13,15
66c13a65-4370-48a2-a602-82c6e4c0cf2a,q1,Intro to Machine Learning,"When a fit model performs well on training set but poorly on unseen data,it is overfitting. Cross-validation estimates performance on unseen data and helps choose fit models or regularization settings",good,Clear and correct—well done.,11,15
41527e18-4f2a-4f77-93f1-3e373f905808,q1,Intro to Machine Learning,"When a classifier performs well on the data used for training but poorly on unseen data, it is overfitting. Describes overfitting vaguely as 'model does bad on test' without saying it learns noise.",fair,Small fix needed: Conciseness and clarity. Then your answer will be complete.,9,15
8253dac1-83ef-429f-b5f3-d9984d3e04a4,q1,Intro to Machine Learning,Overfitting happens when a fit model learns noise or patterns specific to the training set and fails to generalize to new data. Cross-validation helps by splitting data and validating across folds so ,good,Excellent answer; concise and accurate.,11,15
60a6dfbe-3019-4549-b833-ad57c12e152b,q1,Intro to Machine Learning,Confuses cross-validation with data augmentation or early stopping.,poor,"Incorrect: there is a misunderstanding about What is overfitting in machine learning, and how can cross-validation help reduce it? (2-3 sentences). Revise the core concept.",1,15
e3bba1cb-3b59-401b-8ac6-f6a8528b817f,q1,Intro to Machine Learning,"When a model performs well on training data but poorly on unseen data, it is overfitting. Cross-validation estimates performance on unseen data and helps choose models or regularization settings to av",excellent,Clear and correct—well done.,12,15
c27182d2-8df9-42b1-b9df-3822eda0b462,q1,Intro to Machine Learning,"When a classifier performs well on training set but poorly on unseen data, it is overfitting. Cross-validation estimates performance on unseen data and helps choose classifiers or regularization setti",excellent,Excellent answer; concise and accurate.,12,15
9e749874-5021-4db0-b768-1cdafadf6172,q1,Intro to Machine Learning,Overfitting happens when a classifier learns noise or patterns specific to the training set and fails to generalize to new data. Cross-validation helps by splitting data and validating across folds so,excellent,Clear and correct—well done.,13,15
adea8413-75a3-4ae3-b90b-1e17687967a5,q1,Intro to Machine Learning,"When a classifier performs well on the data used for training but poorly on unseen data,it is overfitting. Cross-validation estimates performance on unseen data and helps choose classifiers or regular",good,Clear and correct—well done.,12,15
8f86c45f-4189-433e-9eba-2410a860f448,q1,Intro to Machine Learning,"When a model performs well on training data but poorly on unseen data, it is overfitting. Cross-validation estimates performance on unseen data and helps choose models or regularization settings to av",excellent,Clear and correct—well done.,14,15
21d11b7d-6402-4f04-a5bf-e4849f69b07e,q1,Intro to Machine Learning,Overfitting happens when a model learns noise or patterns specific to the training data and fails to generalize to new data. Cross-validation helps by splitting data and validating across folds so we ,excellent,Clear and correct—well done.,15,15
85c2ab17-f407-4e3a-a71b-4a027cd88f50,q1,Intro to Machine Learning,"When a model performs well on training data but poorly on unseen data, it is overfitting. Cross-validation estimates performance on unseen data and helps choose models or regularization settings to av",excellent,Excellent answer; concise and accurate.,12,15
78028988-a00e-4708-975f-62beffa22248,q1,Intro to Machine Learning,"When a fit model performs well on training set but poorly on unseen data, it is overfitting. Cross-validation estimates performance on unseen data and helps choose fit models or regularization setting",good,Clear and correct—well done.,15,15
08bd42de-9c9f-4fe3-be53-4903812454ae,q1,Intro to Machine Learning,Overfitting happens when a model learns noise or patterns specific to the training data and fails to generalize to new data. Cross-validation helps by splitting data and validating across folds so we ,excellent,Excellent answer; concise and accurate.,12,15
69b16e73-364c-4089-8c83-519c389266ec,q1,Intro to Machine Learning,Overfitting happens when a model learns noise or patterns specific to the training data and fails to generalize to new data. Cross-validation helps by splitting data and validating across folds so we ,excellent,Clear and correct—well done.,13,15
a4d1dc8f-05e6-4fa0-9247-97206817be83,q1,Intro to Machine Learning,"When a classifier performs well on the data used for training but poorly on unseen data,it is overfitting. Mentions cross-validation but says it 'reduces training error' rather than measuring generali",fair,"Partly correct; to improve, expand on: Definition correctness. Small fix needed: Conciseness and clarity. Then your answer will be complete.",6,15
16ad4600-ff9d-47c9-863c-15db7f497225,q1,Intro to Machine Learning,"When a fit model performs well on the data used for training but poorly on unseen data, it is overfitting.",fair,"Small fix needed: Definition correctness, Conciseness and clarity. Then your answer will be complete.",7,15
bebe0460-5496-419f-b883-87e2b24ab232,q1,Intro to Machine Learning,"When a classifier performs well on training set but poorly on unseen data, it is overfitting. Cross-validation estimates performance on unseen data and helps choose classifiers or regularization setti",good,Excellent answer; concise and accurate.,10,15
a9d59716-f782-4198-a230-26adefc1d223,q1,Intro to Machine Learning,Overfitting happens when a model learns noise or patterns specific to the training data and fails to generalize to new data. Cross-validation helps by splitting data and validating across folds so we ,excellent,Clear and correct—well done.,14,15
b5888985-1025-4726-9b49-d8bd266f9dec,q1,Intro to Machine Learning,"When a model performs well on training data but poorly on unseen data, it is overfitting. Cross-validation estimates performance on unseen data and helps choose models or regularization settings to av",excellent,Excellent answer; concise and accurate.,13,15
7852ba4e-3f61-4e25-920e-d5611120a006,q1,Intro to Machine Learning,"When a fit model performs well on the data used for training but poorly on unseen data,it is overfitting. Cross-validation estimates performance on unseen data and helps choose fit models or regulariz",excellent,Excellent answer; concise and accurate.,13,15
daf60593-cfc4-4ac0-956f-8fd09acb0173,q1,Intro to Machine Learning,"When a model performs well on training data but poorly on unseen data, it is overfitting. Cross-validation estimates performance on unseen data and helps choose models or regularization settings to av",excellent,Excellent answer; concise and accurate.,13,15
8b666f81-0093-439e-aab9-643e7c480f1c,q1,Intro to Machine Learning,"When a model performs well on training data but poorly on unseen data, it is overfitting. Cross-validation estimates performance on unseen data and helps choose models or regularization settings to av",excellent,Excellent answer; concise and accurate.,14,15
56ff8e27-375d-4a4e-921b-aeb587c57f4b,q1,Intro to Machine Learning,Overfitting happens when a model learns noise or patterns specific to the training data and fails to generalize to new data. Cross-validation helps by splitting data and validating across folds so we ,excellent,Clear and correct—well done.,15,15
46260ca5-ba9a-426d-8875-3f5366ff9d5d,q1,Intro to Machine Learning,"When a classifier performs well on the data used for training but poorly on unseen data,it is overfitting. Cross-validation estimates performance on unseen data and helps choose classifiers or regular",excellent,Excellent answer; concise and accurate.,14,15
4e55abec-d296-494d-b39d-7d223e7e6a63,q1,Intro to Machine Learning,"When a model performs well on training data but poorly on unseen data, it is overfitting. Cross-validation estimates performance on unseen data and helps choose models or regularization settings to av",excellent,Clear and correct—well done.,13,15
6229c042-7e27-4ba5-915b-cbd3ca0b9177,q1,Intro to Machine Learning,"When a model performs well on training data but poorly on unseen data, it is overfitting. Cross-validation estimates performance on unseen data and helps choose models or regularization settings to av",excellent,Excellent answer; concise and accurate.,14,15
3625dbee-d571-4e73-88f1-78ab635bd21c,q1,Intro to Machine Learning,Confuses cross-validation with data augmentation or early stopping.,poor,"You partially answered the question — correct on some points but missed: Definition correctness, Cross-validation explanation. Minor correction — Conciseness and clarity. Good otherwise.",3,15
2a5cc30e-c191-451b-ad71-381b03ef27d5,q1,Intro to Machine Learning,Describes overfitting vaguely as 'model does bad on test' without saying it learns noise.,poor,"Incorrect: there is a misunderstanding about What is overfitting in machine learning, and how can cross-validation help reduce it? (2-3 sentences). Revise the core concept.",2,15
14787353-54cc-4b7e-8888-d6112d4aaa13,q1,Intro to Machine Learning,"it is overfitting. Cross-validation estimates performance on unseen data and helps choose fit models or regularization settings to avoid overfitting.,When a fit model performs well on the data used fo",excellent,Excellent answer; concise and accurate.,14,15
74e0d4c4-01b6-4f91-a8c6-c7906ce66334,q1,Intro to Machine Learning,Overfitting happens when a classifier learns noise or patterns specific to the training set and fails to generalize to new data. Cross-validation helps by splitting data and validating across folds so,excellent,Clear and correct—well done.,13,15
2b9dfe9a-101e-4a09-b8c2-ace63f56a17e,q1,Intro to Machine Learning,"When a model performs well on training data but poorly on unseen data, it is overfitting. Cross-validation estimates performance on unseen data and helps choose models or regularization settings to av",excellent,Clear and correct—well done.,14,15
eb069e1d-c838-4148-ab7e-6362e43aec01,q1,Intro to Machine Learning,Overfitting happens when a fit model learns noise or patterns specific to the training set and fails to generalize to new data.,fair,"Minor correction — Definition correctness, Conciseness and clarity. Good otherwise.",7,15
bd118327-5447-4dc0-be54-3784f4be3908,q1,Intro to Machine Learning,Describes overfitting vaguely as 'model does bad on test' without saying it learns noise.,poor,"You partially answered the question — correct on some points but missed: Definition correctness. Minor correction — Cross-validation explanation, Conciseness and clarity. Good otherwise.",5,15
97b4df14-280e-4513-8639-20eb2867d49c,q1,Intro to Machine Learning,Overfitting happens when a model learns noise or patterns specific to the training data and fails to generalize to new data. Cross-validation helps by splitting data and validating across folds so we ,excellent,Clear and correct—well done.,13,15
99d52c3d-79f9-4b7c-96e7-622116ac3f77,q1,Intro to Machine Learning,"it is overfitting. Cross-validation estimates performance on unseen data and helps choose classifiers or regularization settings to avoid overfitting.,When a classifier performs well on the data used ",excellent,Clear and correct—well done.,14,15
1e72a02b-79c8-4166-b14f-aa380850e3f1,q1,Intro to Machine Learning,Overfitting happens when a fit model learns noise or patterns specific to the the data used for training and fails to generalize to new data. Cross-validation helps by splitting data and validating ac,good,Clear and correct—well done.,11,15
1262884e-b153-40de-89a0-3d8e40760dc0,q1,Intro to Machine Learning,"When a model performs well on training data but poorly on unseen data, it is overfitting. Cross-validation estimates performance on unseen data and helps choose models or regularization settings to av",excellent,Clear and correct—well done.,12,15
d2825aee-52dc-4b27-871e-a5d00558fccd,q1,Intro to Machine Learning,"When a model performs well on training data but poorly on unseen data, it is overfitting. Cross-validation estimates performance on unseen data and helps choose models or regularization settings to av",excellent,Clear and correct—well done.,14,15
dd7252dd-fb4b-49fe-8ec3-ab76e8d65eb1,q1,Intro to Machine Learning,Overfitting happens when a model learns noise or patterns specific to the training data and fails to generalize to new data. Cross-validation helps by splitting data and validating across folds so we ,excellent,Excellent answer; concise and accurate.,13,15
83849a1b-3143-4457-97c0-52ff07a30fdf,q1,Intro to Machine Learning,Overfitting happens when a fit model learns noise or patterns specific to the training set and fails to generalize to new data. Cross-validation helps by splitting data and validating across folds so ,excellent,Excellent answer; concise and accurate.,13,15
b30d489f-10df-45e4-ad30-35f399bc9133,q1,Intro to Machine Learning,Overfitting happens when a model learns noise or patterns specific to the training data and fails to generalize to new data. Cross-validation helps by splitting data and validating across folds so we ,excellent,Excellent answer; concise and accurate.,13,15
292e451e-e82e-4733-9b14-857312d2869d,q1,Intro to Machine Learning,"When a model performs well on training data but poorly on unseen data, it is overfitting. Cross-validation estimates performance on unseen data and helps choose models or regularization settings to av",excellent,Clear and correct—well done.,14,15
4b2e860b-7223-4a70-b69f-6bda0d87907a,q1,Intro to Machine Learning,Overfitting happens when a model learns noise or patterns specific to the training data and fails to generalize to new data. Cross-validation helps by splitting data and validating across folds so we ,excellent,Excellent answer; concise and accurate.,14,15
a7a4f26c-a15e-43fd-a9e2-8bb14981cfb4,q1,Intro to Machine Learning,"When a model performs well on training data but poorly on unseen data, it is overfitting. Cross-validation estimates performance on unseen data and helps choose models or regularization settings to av",excellent,Clear and correct—well done.,12,15
d03b7e7c-57b8-48bb-aa08-5db0f429a4e1,q1,Intro to Machine Learning,Overfitting happens when a model learns noise or patterns specific to the training data and fails to generalize to new data. Cross-validation helps by splitting data and validating across folds so we ,excellent,Excellent answer; concise and accurate.,11,15
50663782-f212-401c-8737-9e3d847005f7,q1,Intro to Machine Learning,"When a model performs well on training data but poorly on unseen data, it is overfitting. Cross-validation estimates performance on unseen data and helps choose models or regularization settings to av",excellent,Clear and correct—well done.,15,15
8273972c-8289-48a6-b3ae-287c7090bb78,q1,Intro to Machine Learning,I think Confuses cross-validation with data augmentation or early stopping.,poor,"The answer is incorrect or misunderstands the concept. Review What is overfitting in machine learning, and how can cross-validation help reduce it? (2-3 sentences) and try again.",2,15
c62f17d9-c5cf-4d6f-86ba-122dfdde36d9,q1,Intro to Machine Learning,"it is overfitting. Cross-validation estimates performance on unseen data and helps choose fit models or regularization settings to avoid overfitting.,When a fit model performs well on the data used fo",excellent,Clear and correct—well done.,15,15
c6532d86-2eca-4377-a067-d5eedb6a7b29,q1,Intro to Machine Learning,"When a model performs well on training data but poorly on unseen data, it is overfitting. Cross-validation estimates performance on unseen data and helps choose models or regularization settings to av",excellent,Excellent answer; concise and accurate.,12,15
b9207e41-3605-422a-afcc-979150eae5f7,q1,Intro to Machine Learning,Overfitting happens when a classifier learns noise or patterns specific to the training set and fails to generalize to new data. Cross-validation helps by splitting data and validating across folds so,excellent,Excellent answer; concise and accurate.,12,15
a8dc83ae-3009-43d3-a36d-ae84cd41c42c,q1,Intro to Machine Learning,Overfitting happens when a classifier learns noise or patterns specific to the the data used for training and fails to generalize to new data. Cross-validation helps by splitting data and validating a,good,Excellent answer; concise and accurate.,11,15
b17c4896-c2d7-4ad9-a9fa-662b02f9bb70,q1,Intro to Machine Learning,Overfitting happens when a model learns noise or patterns specific to the training data and fails to generalize to new data. Cross-validation helps by splitting data and validating across folds so we ,excellent,Excellent answer; concise and accurate.,12,15
035b5c2d-a026-4223-9007-5ce5d9d749f9,q1,Intro to Machine Learning,"it is overfitting. Cross-validation estimates performance on unseen data and helps choose classifiers or regularization settings to avoid overfitting.,When a classifier performs well on the data used ",excellent,Excellent answer; concise and accurate.,12,15
7d4c6663-cee5-4e72-afb6-047d20eff182,q1,Intro to Machine Learning,Overfitting happens when a fit model learns noise or patterns specific to the the data used for training and fails to generalize to new data. Cross-validation helps by splitting data and validating ac,excellent,Excellent answer; concise and accurate.,13,15
f230d0a9-8b56-49bd-bb10-0b42d6859a37,q1,Intro to Machine Learning,Overfitting happens when a model learns noise or patterns specific to the training data and fails to generalize to new data. Cross-validation helps by splitting data and validating across folds so we ,excellent,Excellent answer; concise and accurate.,11,15
fefba61c-0b3f-4ca6-9dd2-766f2e5d9c2b,q1,Intro to Machine Learning,"When a classifier performs well on training set but poorly on unseen data,it is overfitting. Cross-validation estimates performance on unseen data and helps choose classifiers or regularization settin",excellent,Clear and correct—well done.,14,15
137481f6-a678-4d4f-9342-1682f2b4b507,q1,Intro to Machine Learning,"When a model performs well on training data but poorly on unseen data, it is overfitting. Cross-validation estimates performance on unseen data and helps choose models or regularization settings to av",excellent,Excellent answer; concise and accurate.,12,15
4c6f72bd-fb02-4500-8a24-3f10fbbc7b43,q1,Intro to Machine Learning,Overfitting happens when a classifier learns noise or patterns specific to the the data used for training and fails to generalize to new data. Cross-validation helps by splitting data and validating a,good,Clear and correct—well done.,12,15
65d687cb-ab0f-4f09-9ecf-7da85c219950,q1,Intro to Machine Learning,Overfitting happens when a classifier learns noise or patterns specific to the the data used for training and fails to generalize to new data. Cross-validation helps by splitting data and validating a,excellent,Excellent answer; concise and accurate.,14,15
65572a01-32e4-434d-9064-9ff0534c52ea,q1,Intro to Machine Learning,"When a model performs well on training data but poorly on unseen data, it is overfitting. Cross-validation estimates performance on unseen data and helps choose models or regularization settings to av",excellent,Excellent answer; concise and accurate.,15,15
57e806a7-3069-4f2c-81b1-3d8e8bbc9425,q1,Intro to Machine Learning,it is overfitting.,fair,Small fix needed: Conciseness and clarity. Then your answer will be complete.,8,15
e3819488-f3de-45f5-b75a-7007c5160549,q1,Intro to Machine Learning,"When a classifier performs well on the data used for training but poorly on unseen data,it is overfitting. Cross-validation estimates performance on unseen data and helps choose classifiers or regular",excellent,Clear and correct—well done.,14,15
f51c6529-15f4-4e3c-bbc7-303bcbb88d44,q1,Intro to Machine Learning,Overfitting happens when a model learns noise or patterns specific to the training data and fails to generalize to new data. Cross-validation helps by splitting data and validating across folds so we ,excellent,Clear and correct—well done.,11,15
0d39db77-318d-4072-a3a5-1f28ef4af5b4,q1,Intro to Machine Learning,"When a classifier performs well on the data used for training but poorly on unseen data, it is overfitting. Cross-validation estimates performance on unseen data and helps choose classifiers or regula",good,Excellent answer; concise and accurate.,11,15
6b4e35bc-3e07-4a7a-8b49-685b9498a4b5,q1,Intro to Machine Learning,"When a model performs well on training data but poorly on unseen data, it is overfitting. Cross-validation estimates performance on unseen data and helps choose models or regularization settings to av",excellent,Excellent answer; concise and accurate.,12,15
2d26ae80-42dc-491c-8788-81f9fa5876cc,q2,Data Structures,Use BFS when you need shortest path or level information; use DFS for tasks like cycle detection or when you want to explore deep structure with less memory overhead.,excellent,Excellent answer; concise and accurate.,13,15
787acf88-ab79-4a07-acd9-a9385021bd1f,q2,Data Structures,Says BFS is always faster than DFS or vice versa.,poor,"Partly correct; to improve, expand on: Use-case justification, Concise comparison. Small fix needed: Algorithm characteristics. Then your answer will be complete.",4,15
4b2e0f48-113d-4b9b-b8a3-c8381354d43b,q2,Data Structures,BFS explores neighbors level by level and is useful for finding shortest paths in unweighted graphs. DFS goes deep along a branch before backtracking and is useful for topological ordering or searchin,excellent,Clear and correct—well done.,12,15
dfbb55bd-df62-4908-ab9d-c9e831f1f70a,q2,Data Structures,"I think Mixes up use-cases (e.g., says DFS finds shortest paths).",poor,"You partially answered the question — correct on some points but missed: Use-case justification, Concise comparison. Small fix needed: Algorithm characteristics. Then your answer will be complete.",3,15
4665fdb3-9b2f-4952-96a0-8bd541f9d574,q2,Data Structures,BFS explores neighbors level by level and is useful for finding shortest paths in unweighted graphs. DFS goes deep along a branch before backtracking and is useful for topological ordering or searchin,excellent,Clear and correct—well done.,13,15
2d099b6e-8bf7-4798-bb2f-1e947fd70f10,q2,Data Structures,BFS explores neighbors level by level and is useful for finding shortest paths in unweighted graphs. DFS goes deep along a branch before backtracking and is useful for topological ordering or searchin,good,Excellent answer; concise and accurate.,10,15
a8924f94-0e24-43a6-a494-329893f3f0b4,q2,Data Structures,BFS explores neighbors level by level and is useful for finding shortest paths in unweighted graphs. DFS goes deep along a branch before backtracking and is useful for topological ordering or searchin,excellent,Excellent answer; concise and accurate.,14,15
4f827d58-91a3-49e2-a5be-991aa4107acf,q2,Data Structures,Use BFS when you need shortest path or level information; use DFS for tasks like cycle detection or when you want to explore deep structure with less memory overhead.,excellent,Clear and correct—well done.,13,15
de238fe7-7b39-4997-b5fd-320a49ccd3b5,q2,Data Structures,BFS explores neighbors level by level and is useful for finding shortest paths in unweighted graphs. DFS goes deep along a branch before backtracking and is useful for topological ordering or searchin,good,Clear and correct—well done.,12,15
e98c3efb-ca0d-4fab-a210-7e828d16c6e6,q2,Data Structures,BFS explores neighbors level by level and is useful for finding shortest paths in unweighted graphs. DFS goes deep along a branch before backtracking and is useful for topological ordering or searchin,excellent,Excellent answer; concise and accurate.,14,15
f3392fdc-f4ed-458b-a2c4-962352d9f611,q2,Data Structures,I think Says BFS is always faster than DFS or vice versa.,poor,The answer is incorrect or misunderstands the concept. Review Briefly compare BFS and DFS. When would you use one over the other? (2-3 sentences) and try again.,2,15
583e8e81-8053-4b9c-8f35-53df6071dd07,q2,Data Structures,BFS explores neighbors level by level and is useful for finding shortest paths in unweighted graphs. DFS goes deep along a branch before backtracking and is useful for topological ordering or searchin,excellent,Excellent answer; concise and accurate.,14,15
7400d7e5-1bd4-4e21-97ac-c03588e2af38,q2,Data Structures,Use BFS when you need shortest path or level information; use DFS for tasks like cycle detection or when you want to explore deep structure with less memory overhead. Says BFS is always faster than DF,fair,You partially answered the question — correct on some points but missed: Use-case justification. Minor correction — Concise comparison. Good otherwise.,6,15
3de60f5c-130d-45dd-87b7-c29379b25be0,q2,Data Structures,Use BFS when you need shortest path or level information; use DFS for tasks like cycle detection or when you want to explore deep structure with less memory overhead.,excellent,Clear and correct—well done.,14,15
3409c071-7f1f-49ca-b7f5-59ee37d10014,q2,Data Structures,Use BFS when you need shortest path or level information; use DFS for tasks like cycle detection or when you want to explore deep structure with less memory overhead.,excellent,Clear and correct—well done.,12,15
1fb871e4-0e7d-4ab6-b979-566f21fbce1a,q2,Data Structures,BFS explores neighbors level by level and is useful for finding shortest paths in unweighted graphs. DFS goes deep along a branch before backtracking and is useful for topological ordering or searchin,excellent,Clear and correct—well done.,13,15
fb68fbdd-2c73-42fa-a983-27a46c579b08,q2,Data Structures,Use BFS when you need shortest path or level information; use DFS for tasks like cycle detection or when you want to explore deep structure with less memory overhead.,excellent,Excellent answer; concise and accurate.,12,15
4e705f17-c589-4143-a924-a16da5b5345f,q2,Data Structures,BFS explores neighbors level by level and is useful for finding shortest paths in unweighted graphs. DFS goes deep along a branch before backtracking and is useful for topological ordering or searchin,excellent,Clear and correct—well done.,12,15
88df5061-e865-42ee-88f2-317d0d45e137,q2,Data Structures,"Use BFS when you need shortest path or level information; use DFS for tasks like cycle detection or when you want to explore deep structure with less memory overhead. Mixes up use-cases (e.g., says DF",good,Excellent answer; concise and accurate.,14,15
b131745b-f18f-4ccc-beff-edca688d2dd6,q2,Data Structures,BFS explores neighbors level by level and is useful for finding shortest paths in unweighted graphs. DFS goes deep along a branch before backtracking and is useful for topological ordering or searchin,excellent,Clear and correct—well done.,11,15
4f396047-43aa-4ae2-8f4f-1fab4eb5f86c,q2,Data Structures,Use BFS when you need shortest path or level information; use DFS for tasks like cycle detection or when you want to explore deep structure with less memory overhead.,excellent,Clear and correct—well done.,14,15
4c88fd04-fd3f-4a04-a9d9-c9e68e0d7f2c,q2,Data Structures,BFS explores neighbors level by level and is useful for finding shortest paths in unweighted graphs. DFS goes deep along a branch before backtracking and is useful for topological ordering or searchin,excellent,Excellent answer; concise and accurate.,12,15
5102f976-1bdf-4572-a649-ad2d73a2135e,q2,Data Structures,"Use BFS when you need shortest path or level information; use DFS for tasks like cycle detection or when you want to explore deep structure with less memory overhead. Mixes up use-cases (e.g., says DF",good,Excellent answer; concise and accurate.,13,15
7d210933-24b9-40ae-b78b-1425d2151dc7,q2,Data Structures,BFS explores neighbors level by level and is useful for finding shortest paths in unweighted graphs. DFS goes deep along a branch before backtracking and is useful for topological ordering or searchin,excellent,Excellent answer; concise and accurate.,12,15
7e986214-35ac-4e69-89fe-e8cb434e8959,q2,Data Structures,Use BFS when you need shortest path or level information; use DFS for tasks like cycle detection or when you want to explore deep structure with less memory overhead.,excellent,Excellent answer; concise and accurate.,14,15
4e93abd5-f141-4b7e-95bd-ea10aac8bb3e,q2,Data Structures,BFS explores neighbors level by level and is useful for finding shortest paths in unweighted graphs. DFS goes deep along a branch before backtracking and is useful for topological ordering or searchin,excellent,Clear and correct—well done.,14,15
6de7fe61-d303-4322-ada0-ee7c0c82375d,q2,Data Structures,Use BFS when you need shortest path or level information; use DFS for tasks like cycle detection or when you want to explore deep structure with less memory overhead.,excellent,Clear and correct—well done.,13,15
b3e690e6-d7bb-47a3-b10a-032a20c1ff96,q2,Data Structures,Use BFS when you need shortest path or level information; use DFS for tasks like cycle detection or when you want to explore deep structure with less memory overhead.,excellent,Excellent answer; concise and accurate.,14,15
f2fcc5f0-476c-48e5-9960-649804cd0168,q2,Data Structures,Use BFS when you need shortest path or level information; use DFS for tasks like cycle detection or when you want to explore deep structure with less memory overhead.,excellent,Clear and correct—well done.,13,15
24736933-550d-43e8-ac16-a21098796fb6,q2,Data Structures,Use BFS when you need shortest path or level information; use DFS for tasks like cycle detection or when you want to explore deep structure with less memory overhead.,excellent,Excellent answer; concise and accurate.,14,15
78827702-3f2d-4684-bd3c-725539fddac3,q2,Data Structures,BFS explores neighbors level by level and is useful for finding shortest paths in unweighted graphs. DFS goes deep along a branch before backtracking and is useful for topological ordering or searchin,excellent,Clear and correct—well done.,13,15
b30957a9-683b-4961-8fcd-e9d0258d5916,q2,Data Structures,Use BFS when you need shortest path or level information; use DFS for tasks like cycle detection or when you want to explore deep structure with less memory overhead.,good,Clear and correct—well done.,9,15
8e8c3084-26bd-47cd-b5cd-50a6e1b8ff36,q2,Data Structures,BFS explores neighbors level by level and is useful for finding shortest paths in unweighted graphs. DFS goes deep along a branch before backtracking and is useful for topological ordering or searchin,good,Excellent answer; concise and accurate.,10,15
f9e36f29-53b4-4d96-99d1-0b74129ec9e6,q2,Data Structures,BFS explores neighbors level by level and is useful for finding shortest paths in unweighted graphs. DFS goes deep along a branch before backtracking and is useful for topological ordering or searchin,excellent,Excellent answer; concise and accurate.,13,15
8edf6449-ac3b-460d-a1d9-81995696a44b,q2,Data Structures,Use BFS when you need shortest path or level information; use DFS for tasks like cycle detection or when you want to explore deep structure with less memory overhead.,excellent,Excellent answer; concise and accurate.,13,15
7a83b574-e05c-4885-9a60-5c0c33228a73,q2,Data Structures,Use BFS when you need shortest path or level information; use DFS for tasks like cycle detection or when you want to explore deep structure with less memory overhead.,excellent,Clear and correct—well done.,12,15
7e124cae-b5aa-44e0-8283-17ff5c3117d3,q2,Data Structures,Use BFS when you need shortest path or level information; use DFS for tasks like cycle detection or when you want to explore deep structure with less memory overhead.,excellent,Clear and correct—well done.,14,15
09c36aab-d4af-4ae5-bf54-5418f65be5a6,q2,Data Structures,Use BFS when you need shortest path or level information; use DFS for tasks like cycle detection or when you want to explore deep structure with less memory overhead.,excellent,Clear and correct—well done.,14,15
1ec07c17-0294-483f-812d-09a43bba076b,q2,Data Structures,Use BFS when you need shortest path or level information; use DFS for tasks like cycle detection or when you want to explore deep structure with less memory overhead.,excellent,Clear and correct—well done.,13,15
28a29ce0-2243-4ad6-aabe-5fee64b86554,q2,Data Structures,I think Only describes one algorithm but not the other.,poor,"Partly correct; to improve, expand on: Algorithm characteristics, Concise comparison. Minor correction — Use-case justification. Good otherwise.",3,15
3ede1dd1-dc72-45fb-9dbf-abbcd340a088,q2,Data Structures,Use BFS when you need shortest path or level information; use DFS for tasks like cycle detection or when you want to explore deep structure with less memory overhead.,excellent,Excellent answer; concise and accurate.,12,15
1ba477b5-002d-4465-a5bf-a3550d1d2a74,q2,Data Structures,Use BFS when you need shortest path or level information; use DFS for tasks like cycle detection or when you want to explore deep structure with less memory overhead.,excellent,Excellent answer; concise and accurate.,13,15
d78b1a33-6f10-4a60-bcc8-1a0feebc0635,q2,Data Structures,Use BFS when you need shortest path or level information; use DFS for tasks like cycle detection or when you want to explore deep structure with less memory overhead.,excellent,Excellent answer; concise and accurate.,12,15
1155aa55-c781-4dd2-bc59-26474ed686b1,q2,Data Structures,BFS explores neighbors level by level and is useful for finding shortest paths in unweighted graphs. DFS goes deep along a branch before backtracking and is useful for topological ordering or searchin,excellent,Excellent answer; concise and accurate.,13,15
1d6a413d-068e-42eb-8c9b-7cd348e79bc9,q2,Data Structures,Says BFS is always faster than DFS or vice versa.,poor,Incorrect: there is a misunderstanding about Briefly compare BFS and DFS. When would you use one over the other? (2-3 sentences). Revise the core concept.,3,15
421eb0bb-604a-407e-9fac-980df443e19f,q2,Data Structures,BFS explores neighbors level by level and is useful for finding shortest paths in unweighted graphs. DFS goes deep along a branch before backtracking and is useful for topological ordering or searchin,excellent,Excellent answer; concise and accurate.,14,15
420701ba-30a7-4ed9-b931-70200662d054,q2,Data Structures,Use BFS when you need shortest path or level information; use DFS for tasks like cycle detection or when you want to explore deep structure with less memory overhead.,excellent,Clear and correct—well done.,14,15
733e2600-d15b-4bf0-8c22-5f9f5ee9f2d7,q2,Data Structures,Use BFS when you need shortest path or level information; use DFS for tasks like cycle detection or when you want to explore deep structure with less memory overhead.,good,Clear and correct—well done.,11,15
11c3802b-b623-40a5-9614-8424caf685fa,q2,Data Structures,Use BFS when you need shortest path or level information; use DFS for tasks like cycle detection or when you want to explore deep structure with less memory overhead.,excellent,Clear and correct—well done.,15,15
cc3ce94b-dfac-4c24-b487-720d841e2883,q2,Data Structures,"Mixes up use-cases (e.g., says DFS finds shortest paths).",poor,"You partially answered the question — correct on some points but missed: Algorithm characteristics. Minor correction — Use-case justification, Concise comparison. Good otherwise.",5,15
